"customer_id","week","total_payment_amount"
459,18,73.88
21,12,72.86
2,18,65.88
15,12,62.87
150,12,62.86
526,12,61.89
148,12,61.86
198,12,60.87
148,18,60.87
362,12,59.90
390,12,59.88
3,18,58.89
558,15,58.89
121,12,58.88
373,12,57.88
92,15,56.90
522,18,56.89
425,15,55.89
274,12,55.89
119,12,55.88
29,12,55.87
144,15,54.92
404,12,54.90
332,18,54.90
410,12,54.89
237,18,54.87
19,12,53.92
513,12,53.90
436,12,53.89
186,12,53.88
406,18,53.87
187,12,52.93
482,15,52.91
277,12,52.90
265,15,52.90
532,15,52.90
102,15,52.89
535,12,52.88
257,18,52.88
210,15,52.87
423,18,51.91
376,15,51.90
245,18,51.90
569,12,51.89
342,12,51.88
100,15,50.92
468,12,49.91
137,18,49.91
448,12,49.91
295,18,49.91
499,12,49.90
494,18,49.90
279,12,49.89
41,18,49.89
51,12,49.88
266,12,49.87
426,18,48.93
434,12,48.91
515,12,48.90
66,15,48.90
168,12,48.89
232,18,48.88
553,15,48.88
566,18,48.87
273,15,47.91
300,12,47.91
80,15,47.91
454,8,47.91
439,12,47.91
490,15,47.90
526,18,47.89
582,18,46.92
331,15,46.92
462,12,46.92
181,18,46.92
471,12,46.91
584,12,46.91
209,18,46.91
103,15,46.91
137,15,46.90
75,18,46.90
372,18,46.90
289,12,46.89
211,15,46.89
529,12,46.89
275,12,46.87
58,12,45.92
90,18,45.91
259,12,45.91
7,15,45.91
360,12,45.91
178,15,45.91
595,18,45.89
367,12,44.93
293,12,44.92
591,12,44.92
583,15,44.92
472,12,44.92
470,15,44.91
302,18,44.91
178,12,44.91
40,12,44.90
446,18,44.90
462,18,44.90
388,12,44.90
221,12,44.90
225,15,44.90
372,12,44.90
63,15,43.93
459,12,43.93
550,12,43.92
467,18,43.92
494,12,43.92
13,12,43.92
319,15,43.91
396,12,43.91
457,12,43.91
512,12,43.91
392,12,43.91
469,15,43.90
366,15,43.90
172,12,42.92
470,12,42.92
236,12,42.92
321,15,42.92
337,12,42.92
13,18,42.92
346,18,42.92
508,18,42.91
314,18,42.91
479,15,42.91
454,12,42.90
368,12,42.90
591,18,42.90
422,12,42.89
210,12,41.93
309,15,41.93
436,18,41.93
16,12,41.93
280,12,41.92
237,12,41.92
286,15,41.92
374,12,41.91
78,12,41.91
526,15,41.91
541,12,41.91
380,18,41.91
292,18,41.91
196,18,41.91
424,18,41.91
317,12,41.90
314,12,41.90
581,15,41.90
517,15,41.90
373,18,41.90
236,18,41.90
99,15,41.89
125,18,41.89
141,12,41.89
120,12,40.93
346,15,40.93
267,12,40.93
533,12,40.93
39,15,40.93
595,15,40.92
522,15,40.92
166,12,40.92
176,12,40.92
112,12,40.92
489,12,40.92
145,12,40.91
453,12,40.91
319,12,40.91
409,15,40.91
360,18,40.90
573,15,40.90
50,18,40.90
347,18,40.90
35,15,40.89
157,18,40.87
220,18,39.94
207,12,39.94
497,18,39.93
363,12,39.93
81,12,39.93
50,15,39.93
187,15,39.93
84,15,39.93
263,12,39.93
112,18,39.92
179,18,39.92
355,15,39.92
87,18,39.92
334,15,39.92
574,15,39.91
231,12,39.91
178,18,39.91
148,15,39.91
30,15,39.91
5,15,39.91
63,12,39.91
386,15,39.91
46,12,39.90
26,15,39.90
132,15,39.89
477,18,38.94
484,18,38.93
23,18,38.93
157,12,38.92
146,12,38.92
184,12,38.92
484,15,38.92
139,12,38.92
324,12,38.92
576,18,38.91
460,12,38.91
598,15,38.91
145,15,38.91
323,18,38.90
144,18,38.90
147,12,38.90
521,12,38.90
166,15,38.90
228,15,38.89
289,8,37.94
259,18,37.94
589,12,37.93
443,18,37.93
22,12,37.93
26,12,37.93
371,12,37.93
265,12,37.93
475,15,37.92
433,15,37.92
337,15,37.92
365,18,37.92
253,12,37.92
565,12,37.92
206,15,37.92
172,18,37.92
495,18,37.92
242,12,37.91
219,15,37.91
348,12,37.91
144,12,37.91
296,12,37.91
5,12,37.91
54,12,37.91
257,12,37.90
397,12,37.90
381,12,37.90
138,18,37.90
91,15,37.89
207,15,37.89
479,18,36.94
347,12,36.94
160,12,36.93
86,15,36.93
333,18,36.93
377,18,36.93
594,18,36.93
137,12,36.92
526,8,36.92
336,12,36.92
268,15,36.92
426,12,36.92
308,12,36.92
363,18,36.92
71,15,36.92
531,18,36.92
93,12,36.92
4,12,36.92
139,15,36.92
230,18,36.92
328,12,36.91
295,15,36.91
554,12,36.91
387,12,36.91
34,12,36.91
366,18,36.91
42,18,36.91
551,12,36.90
89,18,36.90
520,12,36.90
335,15,36.90
485,15,36.89
563,15,36.89
257,15,35.94
44,15,35.94
82,18,35.94
192,12,35.94
49,18,35.94
389,18,35.94
481,18,35.94
345,18,35.94
31,15,35.94
114,18,35.93
585,18,35.93
225,18,35.93
472,15,35.93
544,12,35.93
536,18,35.93
486,15,35.93
519,18,35.93
235,15,35.92
402,15,35.92
445,12,35.92
135,18,35.92
299,12,35.92
297,12,35.92
261,12,35.92
289,15,35.92
306,12,35.92
285,15,35.92
262,15,35.91
168,15,35.91
577,18,34.94
470,18,34.94
558,12,34.94
129,18,34.94
77,12,34.94
585,15,34.94
238,18,34.94
451,15,34.94
59,12,34.93
59,15,34.93
106,18,34.93
532,12,34.93
463,12,34.93
384,8,34.93
393,15,34.93
502,15,34.93
535,15,34.93
116,12,34.93
305,15,34.92
441,18,34.92
348,15,34.92
213,8,34.92
420,15,34.92
329,18,34.92
168,18,34.92
438,15,34.92
529,15,34.92
37,12,34.92
254,15,34.92
268,12,34.92
316,18,34.92
304,15,34.92
131,12,34.91
309,18,34.91
286,18,34.91
379,12,34.91
181,12,34.91
366,12,34.91
306,18,34.91
340,12,34.91
487,18,34.90
283,15,34.89
64,15,34.88
575,12,33.94
240,18,33.94
17,18,33.94
491,18,33.94
182,12,33.93
475,18,33.93
513,18,33.93
49,15,33.93
564,18,33.93
206,12,33.93
28,18,33.93
301,15,33.93
69,15,33.93
149,15,33.93
297,15,33.93
199,15,33.93
129,12,33.92
461,12,33.92
356,12,33.92
555,12,33.92
282,18,33.92
572,18,33.92
481,12,33.91
414,12,33.91
53,12,33.91
214,12,33.91
339,12,33.91
30,18,33.90
71,18,33.90
587,18,32.95
487,12,32.95
550,8,32.95
591,15,32.95
285,18,32.95
32,12,32.94
403,18,32.94
284,15,32.94
549,18,32.94
421,12,32.94
349,12,32.94
61,18,32.94
431,8,32.94
172,15,32.94
363,15,32.93
175,12,32.93
394,15,32.93
11,18,32.93
352,18,32.93
407,18,32.93
7,12,32.93
67,12,32.93
209,15,32.93
291,18,32.93
163,12,32.93
469,18,32.93
292,15,32.93
123,18,32.92
170,15,32.92
38,15,32.92
333,12,32.92
339,15,32.92
128,15,32.92
277,15,32.92
128,18,32.92
165,15,32.92
39,18,32.92
300,18,32.92
211,12,32.91
354,15,32.91
260,12,32.91
72,12,32.87
203,18,31.95
249,15,31.95
343,18,31.95
146,15,31.95
21,8,31.95
51,15,31.95
473,18,31.94
269,15,31.94
433,12,31.94
362,15,31.94
258,12,31.94
171,8,31.94
510,18,31.94
118,18,31.93
87,12,31.93
367,15,31.93
540,15,31.93
56,12,31.93
27,12,31.93
307,15,31.93
171,12,31.93
133,15,31.93
276,18,31.93
6,12,31.93
408,18,31.93
89,15,31.93
469,12,31.93
258,15,31.93
404,15,31.92
408,12,31.92
442,15,31.92
504,12,31.92
125,12,31.92
590,15,31.92
173,15,31.92
356,18,31.92
550,18,31.92
468,15,31.92
38,18,31.91
326,18,31.91
351,15,31.91
564,12,31.91
244,15,31.91
236,15,31.90
128,12,31.90
102,18,31.90
311,18,30.95
26,8,30.95
504,15,30.95
193,8,30.95
478,8,30.95
571,15,30.95
432,15,30.94
95,18,30.94
592,15,30.94
496,12,30.94
114,12,30.94
324,18,30.94
293,15,30.94
236,8,30.94
307,18,30.94
240,12,30.94
372,15,30.94
101,18,30.93
267,18,30.93
233,15,30.93
52,18,30.93
260,8,30.93
482,12,30.93
317,18,30.93
498,18,30.93
255,12,30.93
122,18,30.93
282,15,30.93
518,12,30.93
560,12,30.93
584,18,30.93
348,18,30.93
570,18,30.92
494,15,30.92
410,15,30.92
122,15,30.92
79,15,30.92
57,15,30.92
533,18,30.92
417,12,30.92
380,12,30.92
320,18,30.92
273,12,30.92
224,12,30.91
108,15,30.91
503,12,30.91
254,12,30.91
152,12,30.90
272,18,29.96
480,18,29.95
50,12,29.95
321,12,29.95
1,15,29.95
573,18,29.95
417,15,29.95
75,8,29.95
528,18,29.95
536,12,29.95
542,15,29.95
269,12,29.94
462,15,29.94
104,15,29.94
222,15,29.94
438,12,29.94
36,12,29.94
162,18,29.94
96,18,29.94
539,18,29.94
329,12,29.94
559,12,29.94
453,15,29.94
285,12,29.94
274,18,29.94
276,12,29.94
545,12,29.94
466,12,29.94
502,18,29.93
368,15,29.93
390,18,29.93
560,18,29.93
52,12,29.93
176,18,29.93
70,12,29.93
33,12,29.93
256,12,29.93
221,18,29.93
230,12,29.92
294,18,29.92
467,12,29.92
579,18,29.92
69,12,29.92
229,15,29.92
403,12,29.92
592,18,29.92
193,12,29.92
202,18,29.92
241,15,29.91
66,12,29.91
393,12,29.91
362,18,29.91
212,15,28.96
511,12,28.95
234,8,28.95
322,8,28.95
400,15,28.95
143,15,28.95
218,18,28.95
505,15,28.95
82,15,28.95
221,15,28.95
239,5,28.95
552,18,28.94
440,18,28.94
516,18,28.94
403,15,28.94
284,12,28.94
247,12,28.94
562,12,28.94
78,18,28.94
428,18,28.94
141,18,28.94
559,15,28.94
456,12,28.94
262,12,28.94
179,15,28.94
96,12,28.93
208,15,28.93
421,18,28.93
107,15,28.93
443,12,28.93
518,18,28.93
180,12,28.93
566,12,28.93
360,15,28.93
352,12,28.93
538,15,28.93
338,12,28.93
201,12,28.93
455,12,28.93
267,8,28.93
439,15,28.93
220,12,28.93
40,18,28.93
167,12,28.93
442,18,28.92
239,12,28.92
327,12,28.92
330,15,28.91
31,8,28.91
280,18,28.91
474,15,28.91
204,15,28.91
115,15,28.91
507,15,28.90
488,15,27.96
558,8,27.95
86,18,27.95
460,15,27.95
533,15,27.95
562,15,27.95
35,18,27.95
506,15,27.95
416,12,27.95
312,18,27.95
45,10,27.95
524,15,27.95
509,18,27.95
415,12,27.95
142,18,27.94
247,15,27.94
594,15,27.94
154,18,27.94
531,15,27.94
503,15,27.94
213,15,27.94
302,12,27.94
256,8,27.94
336,18,27.94
161,15,27.94
113,8,27.94
433,18,27.94
170,12,27.94
284,18,27.94
202,12,27.94
32,18,27.94
398,18,27.94
497,15,27.93
24,12,27.93
234,12,27.93
338,15,27.93
391,15,27.93
84,12,27.93
241,12,27.93
546,15,27.93
444,12,27.92
154,15,27.92
354,18,27.92
43,15,27.92
126,12,27.92
448,15,27.92
86,12,27.92
32,15,27.92
364,12,27.92
36,18,27.92
506,12,27.92
380,8,27.92
74,12,27.92
156,12,27.92
588,18,27.92
113,15,27.92
204,12,27.92
20,12,27.91
514,12,27.91
407,12,27.91
105,5,26.96
447,18,26.96
531,10,26.96
279,15,26.95
579,15,26.95
169,15,26.95
181,9,26.95
465,12,26.95
464,15,26.95
83,12,26.95
149,8,26.95
365,12,26.95
3,12,26.95
455,15,26.95
118,12,26.95
364,15,26.95
113,12,26.95
525,15,26.95
501,15,26.95
555,18,26.95
491,15,26.95
55,12,26.94
504,18,26.94
468,18,26.94
195,18,26.94
239,18,26.94
66,8,26.94
196,15,26.94
454,15,26.94
373,15,26.94
295,12,26.94
528,15,26.94
65,12,26.94
136,12,26.94
437,15,26.94
58,18,26.94
576,12,26.94
510,8,26.94
340,8,26.94
578,18,26.94
219,18,26.94
131,18,26.94
300,15,26.94
513,15,26.94
411,12,26.94
47,15,26.94
582,12,26.94
560,15,26.94
350,12,26.93
390,15,26.93
397,15,26.93
323,12,26.93
485,18,26.93
51,18,26.93
458,15,26.93
235,18,26.93
446,15,26.93
264,15,26.93
406,8,26.93
153,12,26.93
198,15,26.93
349,18,26.93
580,18,26.92
126,15,26.92
231,15,26.92
396,18,26.92
263,15,26.91
452,15,26.91
451,12,26.90
59,18,25.96
48,18,25.96
520,15,25.95
527,12,25.95
103,13,25.95
583,8,25.95
185,15,25.95
16,8,25.95
201,8,25.95
342,15,25.95
316,8,25.95
176,15,25.95
105,18,25.95
576,8,25.95
103,12,25.95
556,8,25.95
238,12,25.95
226,15,25.95
73,15,25.95
430,15,25.95
548,12,25.95
71,12,25.95
158,15,25.95
14,15,25.94
173,18,25.94
74,15,25.94
530,12,25.94
429,18,25.94
432,18,25.94
401,18,25.94
107,18,25.94
546,12,25.94
400,18,25.94
354,12,25.94
539,15,25.94
304,12,25.94
175,18,25.93
12,18,25.93
197,12,25.93
530,18,25.93
243,18,25.93
473,15,25.93
440,12,25.93
121,18,25.93
459,8,25.93
598,18,25.93
120,15,25.93
298,12,25.93
153,15,25.93
10,15,25.93
329,8,25.92
167,15,25.92
441,15,25.92
596,12,25.92
474,12,25.92
198,18,25.92
97,15,25.92
473,12,25.92
64,18,25.92
147,15,25.91
19,18,24.96
341,8,24.96
540,10,24.96
337,18,24.96
246,12,24.96
190,10,24.96
205,15,24.96
483,15,24.96
322,18,24.95
163,8,24.95
294,12,24.95
414,15,24.95
84,18,24.95
588,8,24.95
412,18,24.95
119,15,24.95
56,15,24.95
200,8,24.95
385,15,24.95
264,18,24.95
519,12,24.95
309,12,24.95
50,5,24.95
540,12,24.95
315,15,24.95
507,12,24.95
251,15,24.94
588,15,24.94
14,18,24.94
382,18,24.94
29,18,24.94
576,15,24.94
589,18,24.94
488,12,24.94
250,12,24.94
325,12,24.94
154,12,24.94
233,18,24.94
506,5,24.94
400,12,24.94
597,12,24.94
163,15,24.94
590,18,24.94
191,18,24.94
216,12,24.94
98,18,24.94
336,15,24.94
574,18,24.94
499,15,24.94
296,15,24.94
189,18,24.94
588,12,24.93
376,12,24.93
290,18,24.93
457,8,24.93
54,15,24.93
452,12,24.93
347,15,24.93
27,15,24.93
244,12,24.92
190,12,24.92
314,15,24.91
200,12,23.97
327,13,23.97
178,8,23.96
493,15,23.96
294,15,23.96
140,12,23.96
246,5,23.96
345,12,23.96
170,18,23.96
434,15,23.96
310,12,23.96
583,18,23.96
117,15,23.96
187,18,23.96
338,8,23.95
409,12,23.95
437,12,23.95
55,18,23.95
385,12,23.95
567,18,23.95
480,12,23.95
483,18,23.95
371,18,23.95
518,15,23.95
44,12,23.95
180,15,23.95
491,8,23.95
122,12,23.95
88,18,23.95
563,18,23.95
548,15,23.95
125,15,23.95
406,12,23.95
445,18,23.94
218,12,23.94
484,12,23.94
241,18,23.94
479,8,23.94
492,15,23.94
341,12,23.94
496,15,23.94
213,18,23.94
83,15,23.94
290,12,23.94
538,12,23.94
179,12,23.94
42,15,23.94
151,12,23.94
410,18,23.94
116,15,23.94
196,12,23.94
82,12,23.94
101,15,23.94
384,12,23.94
290,15,23.93
227,18,23.93
357,15,23.93
447,15,23.93
295,8,23.93
251,12,23.93
401,12,23.93
332,15,23.93
413,12,23.93
78,15,23.92
8,15,23.92
104,12,23.92
419,15,23.91
75,15,23.90
315,18,22.97
432,5,22.97
423,8,22.97
347,8,22.96
221,8,22.96
109,8,22.96
358,12,22.96
509,12,22.96
508,15,22.96
497,8,22.96
7,9,22.96
590,8,22.96
245,5,22.96
343,15,22.96
132,9,22.96
418,18,22.96
459,9,22.96
310,18,22.96
79,18,22.95
46,8,22.95
206,18,22.95
423,12,22.95
53,5,22.95
192,18,22.95
43,12,22.95
244,18,22.95
111,15,22.95
404,18,22.95
566,15,22.95
486,18,22.95
20,18,22.95
292,12,22.95
467,15,22.95
427,15,22.95
345,15,22.95
389,12,22.95
105,15,22.95
202,15,22.95
277,8,22.95
523,15,22.95
272,12,22.95
287,12,22.94
574,12,22.94
155,12,22.94
299,15,22.94
219,12,22.94
120,18,22.94
38,12,22.94
169,12,22.94
138,12,22.94
299,8,22.94
302,15,22.94
307,8,22.94
563,12,22.94
131,15,22.94
525,18,22.94
500,15,22.94
68,15,22.94
524,12,22.94
561,8,22.94
488,18,22.93
371,15,22.93
167,18,22.93
336,8,22.93
324,15,22.93
23,12,22.93
101,12,22.93
450,12,22.93
580,15,22.93
260,18,22.92
593,15,22.92
435,12,22.91
418,12,22.91
476,9,21.97
231,5,21.97
467,8,21.97
449,9,21.96
1,7,21.96
403,8,21.96
197,15,21.96
545,15,21.96
359,15,21.96
278,15,21.96
421,15,21.96
24,8,21.96
301,12,21.96
419,12,21.96
290,7,21.96
327,8,21.96
87,15,21.96
74,18,21.96
554,8,21.96
508,12,21.96
403,10,21.96
127,18,21.96
593,18,21.96
299,18,21.95
2,12,21.95
212,12,21.95
325,18,21.95
196,8,21.95
27,18,21.95
368,18,21.95
176,8,21.95
155,18,21.95
522,12,21.95
334,12,21.95
386,12,21.95
246,15,21.95
434,8,21.95
287,18,21.95
4,18,21.95
405,8,21.95
106,12,21.95
572,12,21.95
92,18,21.95
29,15,21.95
441,12,21.95
471,15,21.95
456,8,21.95
547,12,21.95
394,12,21.95
538,18,21.94
199,18,21.94
127,12,21.94
23,15,21.94
578,15,21.94
135,15,21.94
115,18,21.94
35,12,21.94
579,12,21.94
264,12,21.94
374,15,21.94
239,15,21.94
117,12,21.94
159,18,21.94
312,12,21.94
161,12,21.94
185,18,21.94
399,15,21.94
217,18,21.94
109,5,21.94
451,8,21.94
217,12,21.94
340,18,21.94
25,18,21.94
107,8,21.94
230,15,21.93
91,12,21.93
29,8,21.93
186,18,21.93
481,15,21.93
303,12,21.93
520,18,21.93
430,12,21.93
1,12,21.92
91,18,21.92
30,12,21.92
589,8,20.97
147,13,20.97
86,9,20.97
17,8,20.97
537,8,20.97
524,18,20.97
420,9,20.97
176,7,20.97
414,8,20.97
337,5,20.97
309,8,20.97
215,15,20.97
379,15,20.96
205,18,20.96
175,15,20.96
466,8,20.96
176,5,20.96
174,18,20.96
11,15,20.96
311,5,20.96
108,18,20.96
68,18,20.96
39,9,20.96
207,18,20.96
120,8,20.96
134,10,20.96
599,8,20.96
178,7,20.96
593,8,20.96
204,8,20.96
303,8,20.96
47,18,20.96
53,18,20.96
502,12,20.96
124,18,20.96
253,8,20.96
113,18,20.96
316,15,20.96
41,15,20.96
87,8,20.96
143,12,20.96
547,18,20.95
39,8,20.95
435,18,20.95
478,12,20.95
547,15,20.95
188,15,20.95
195,15,20.95
258,9,20.95
493,12,20.95
193,18,20.95
254,18,20.95
57,8,20.95
537,18,20.95
210,18,20.95
261,8,20.95
369,15,20.95
111,12,20.95
587,12,20.95
15,18,20.95
485,12,20.95
545,18,20.95
155,15,20.95
306,15,20.95
415,15,20.95
227,15,20.95
507,18,20.95
428,15,20.95
12,8,20.95
73,18,20.95
312,15,20.94
226,12,20.94
573,12,20.94
92,12,20.94
332,12,20.94
235,12,20.94
88,15,20.94
359,12,20.94
446,8,20.94
45,15,20.94
151,18,20.94
1,18,20.93
381,18,20.93
114,15,20.93
63,18,20.93
182,15,20.93
388,18,20.93
498,15,20.92
405,12,20.92
129,15,20.91
65,10,19.97
322,12,19.97
273,9,19.97
429,15,19.97
561,18,19.97
552,15,19.97
154,5,19.97
492,8,19.97
553,8,19.97
297,8,19.96
137,8,19.96
14,5,19.96
303,15,19.96
495,8,19.96
68,8,19.96
242,18,19.96
435,15,19.96
451,10,19.96
388,8,19.96
10,18,19.96
570,8,19.96
114,8,19.96
310,8,19.96
255,18,19.96
477,15,19.96
15,15,19.96
223,12,19.96
368,8,19.96
449,18,19.96
164,18,19.96
43,18,19.96
242,7,19.96
209,12,19.96
94,15,19.96
39,12,19.96
13,8,19.96
84,10,19.96
214,15,19.95
383,8,19.95
10,12,19.95
396,15,19.95
9,12,19.95
308,8,19.95
339,18,19.95
346,13,19.95
229,12,19.95
119,18,19.95
317,15,19.95
328,18,19.95
501,12,19.95
152,15,19.95
473,10,19.95
291,15,19.95
245,15,19.95
70,18,19.95
204,18,19.95
108,12,19.95
410,8,19.95
62,12,19.95
325,15,19.95
293,8,19.95
14,12,19.95
479,12,19.95
323,15,19.95
229,18,19.95
46,18,19.95
20,15,19.95
132,8,19.94
389,15,19.94
521,15,19.94
6,15,19.94
303,18,19.94
486,12,19.94
243,15,19.94
581,12,19.94
273,18,19.94
9,15,19.94
537,12,19.94
344,12,19.94
220,15,19.94
96,15,19.94
322,15,19.94
458,12,19.94
438,18,19.94
415,18,19.94
5,18,19.93
370,12,19.93
350,15,19.93
342,18,19.93
183,15,19.93
537,15,19.93
158,18,19.92
288,12,19.91
311,13,18.98
45,13,18.98
571,8,18.97
410,10,18.97
505,8,18.97
82,8,18.97
259,7,18.97
464,12,18.97
22,5,18.97
453,8,18.97
109,12,18.97
349,10,18.97
544,18,18.97
575,15,18.97
375,10,18.97
444,8,18.97
495,15,18.97
477,8,18.97
270,9,18.97
95,12,18.97
273,7,18.97
25,8,18.97
468,4,18.97
45,12,18.96
375,12,18.96
541,15,18.96
49,7,18.96
48,15,18.96
331,18,18.96
140,15,18.96
22,18,18.96
72,18,18.96
351,18,18.96
427,18,18.96
194,8,18.96
259,13,18.96
307,5,18.96
61,12,18.96
442,7,18.96
34,15,18.96
455,18,18.96
310,15,18.96
493,18,18.96
476,15,18.96
65,18,18.96
551,18,18.96
328,8,18.96
275,15,18.95
495,12,18.95
580,12,18.95
478,18,18.95
103,18,18.95
509,15,18.95
319,8,18.95
506,18,18.95
357,18,18.95
523,12,18.95
335,18,18.95
129,8,18.95
13,15,18.95
86,8,18.95
356,15,18.95
135,12,18.95
184,15,18.95
65,15,18.95
529,18,18.95
156,15,18.95
205,12,18.95
512,18,18.95
454,18,18.95
130,8,18.95
100,18,18.95
331,12,18.95
523,18,18.95
343,8,18.95
171,15,18.94
447,12,18.94
76,18,18.94
416,18,18.94
164,15,18.94
28,12,18.94
499,18,18.94
440,15,18.94
188,12,18.94
133,12,18.94
287,15,18.94
243,12,18.93
461,18,18.93
57,18,18.93
565,15,18.93
80,12,18.92
90,12,18.92
196,4,17.98
445,10,17.98
387,15,17.97
216,15,17.97
47,8,17.97
166,18,17.97
200,13,17.97
137,13,17.97
560,9,17.97
288,5,17.97
262,8,17.97
523,8,17.97
542,18,17.97
360,8,17.97
519,8,17.97
78,8,17.97
429,5,17.97
19,4,17.97
522,9,17.97
251,8,17.97
223,18,17.97
407,10,17.97
516,7,17.97
155,8,17.97
469,13,17.97
516,15,17.97
480,5,17.97
383,12,17.96
490,12,17.96
57,12,17.96
116,18,17.96
439,8,17.96
572,15,17.96
234,10,17.96
271,18,17.96
437,18,17.96
371,7,17.96
44,18,17.96
571,18,17.96
512,15,17.96
136,15,17.96
334,18,17.96
109,15,17.96
528,12,17.96
194,15,17.96
18,18,17.96
194,12,17.96
123,12,17.96
511,18,17.96
110,12,17.96
93,15,17.96
304,18,17.96
127,15,17.96
562,8,17.96
197,10,17.96
110,15,17.96
173,12,17.96
416,15,17.96
184,18,17.96
146,10,17.96
469,5,17.96
24,15,17.95
27,8,17.95
329,15,17.95
567,12,17.95
130,18,17.95
577,15,17.95
596,15,17.95
382,12,17.95
596,5,17.95
21,18,17.95
534,18,17.95
391,18,17.95
370,18,17.95
418,15,17.95
16,15,17.95
361,18,17.95
397,18,17.95
376,18,17.95
52,15,17.95
85,8,17.95
359,18,17.95
265,18,17.94
208,18,17.94
177,12,17.94
575,18,17.94
75,12,17.94
313,12,17.94
369,18,17.94
25,15,17.94
72,15,17.94
161,5,17.94
409,18,17.94
253,18,17.94
28,15,17.93
511,15,17.93
506,8,16.98
89,7,16.98
398,8,16.98
147,9,16.98
287,8,16.98
237,10,16.98
470,17,16.98
390,8,16.97
266,10,16.97
482,18,16.97
450,15,16.97
125,8,16.97
37,18,16.97
102,12,16.97
181,8,16.97
387,5,16.97
594,5,16.97
22,13,16.97
487,9,16.97
270,8,16.97
108,8,16.97
80,9,16.97
318,15,16.97
47,12,16.97
174,9,16.97
107,12,16.97
181,15,16.97
188,9,16.96
593,12,16.96
134,5,16.96
554,15,16.96
543,8,16.96
402,18,16.96
40,8,16.96
156,8,16.96
353,12,16.96
383,15,16.96
263,18,16.96
213,12,16.96
134,12,16.96
268,18,16.96
98,12,16.96
85,18,16.96
124,15,16.96
302,13,16.96
67,18,16.96
340,9,16.96
77,8,16.96
597,10,16.96
226,13,16.96
33,18,16.96
200,18,16.96
2,10,16.96
528,5,16.96
407,15,16.96
159,15,16.96
431,12,16.96
532,18,16.96
374,18,16.96
147,8,16.96
165,18,16.96
453,18,16.96
364,8,16.96
599,15,16.96
426,15,16.96
486,8,16.96
427,12,16.96
252,12,16.96
534,12,16.95
122,8,16.95
143,8,16.95
251,18,16.95
200,15,16.95
444,15,16.95
380,15,16.95
500,12,16.95
515,15,16.95
392,18,16.95
439,18,16.95
393,18,16.95
552,12,16.95
23,8,16.95
183,12,16.95
222,18,16.95
180,18,16.95
450,8,16.95
198,5,16.95
68,12,16.95
16,18,16.95
549,12,16.95
144,8,16.95
456,15,16.95
35,8,16.95
17,12,16.95
157,15,16.95
94,12,16.95
158,12,16.94
145,18,16.94
298,15,16.94
197,5,16.94
11,12,16.94
567,15,16.94
381,15,16.93
442,12,16.93
424,15,16.93
411,18,16.93
542,8,15.98
349,8,15.98
158,8,15.98
389,13,15.98
511,8,15.98
211,8,15.98
3,7,15.98
487,10,15.98
448,18,15.98
515,4,15.98
293,7,15.98
341,18,15.97
412,12,15.97
47,4,15.97
344,15,15.97
417,10,15.97
214,18,15.97
452,18,15.97
573,8,15.97
83,7,15.97
46,9,15.97
427,9,15.97
427,7,15.97
242,9,15.97
449,15,15.97
550,13,15.97
249,18,15.97
54,10,15.97
259,5,15.97
326,5,15.97
49,12,15.97
55,5,15.97
265,8,15.97
256,13,15.97
80,8,15.97
42,12,15.97
308,15,15.97
253,15,15.97
56,5,15.97
592,7,15.97
270,15,15.97
597,18,15.96
274,15,15.96
546,18,15.96
531,12,15.96
55,8,15.96
419,18,15.96
361,10,15.96
259,15,15.96
106,15,15.96
197,7,15.96
581,18,15.96
182,18,15.96
126,18,15.96
569,5,15.96
269,5,15.96
41,12,15.96
197,8,15.96
352,7,15.96
293,18,15.96
279,18,15.96
158,10,15.96
469,9,15.96
207,5,15.96
378,12,15.96
156,18,15.96
98,8,15.96
60,12,15.96
226,18,15.96
434,18,15.96
62,8,15.96
160,15,15.96
32,8,15.96
124,5,15.96
424,12,15.95
497,12,15.95
77,18,15.95
500,18,15.95
250,15,15.95
211,18,15.95
414,18,15.95
463,18,15.95
146,8,15.95
587,15,15.95
382,8,15.95
358,8,15.95
18,15,15.95
411,15,15.95
163,18,15.95
542,12,15.95
60,18,15.95
278,18,15.95
111,8,15.95
519,15,15.94
283,18,15.94
384,15,15.94
361,12,15.94
133,18,15.94
405,15,15.94
270,12,15.93
299,5,14.98
276,5,14.98
280,10,14.98
353,8,14.98
372,10,14.98
85,5,14.98
80,13,14.98
462,8,14.98
554,9,14.98
131,7,14.98
18,8,14.98
311,15,14.97
468,7,14.97
171,18,14.97
144,10,14.97
272,5,14.97
457,15,14.97
186,8,14.97
354,8,14.97
342,8,14.97
25,7,14.97
158,13,14.97
326,15,14.97
78,9,14.97
261,18,14.97
483,8,14.97
301,18,14.97
240,8,14.97
465,8,14.97
298,18,14.97
452,7,14.97
375,15,14.97
294,9,14.97
565,10,14.97
149,18,14.97
541,18,14.97
293,5,14.97
266,8,14.97
32,5,14.97
92,8,14.97
578,12,14.97
185,8,14.97
599,13,14.97
552,10,14.97
137,10,14.97
584,5,14.97
565,18,14.97
269,18,14.97
191,15,14.97
209,9,14.97
216,18,14.97
422,8,14.96
569,10,14.96
267,15,14.96
371,5,14.96
349,15,14.96
399,12,14.96
296,18,14.96
388,15,14.96
104,18,14.96
510,15,14.96
139,18,14.96
203,12,14.96
539,12,14.96
515,8,14.96
229,8,14.96
547,10,14.96
251,5,14.96
223,15,14.96
318,8,14.96
224,15,14.96
190,18,14.96
292,8,14.96
262,13,14.96
183,18,14.96
281,15,14.96
97,18,14.96
475,12,14.96
99,18,14.96
81,13,14.96
386,18,14.96
358,15,14.96
367,18,14.96
543,18,14.95
385,18,14.95
283,12,14.95
105,12,14.95
377,8,14.95
569,18,14.95
77,5,14.95
516,12,14.95
129,9,14.95
406,15,14.95
268,8,14.95
288,15,14.95
12,12,14.95
252,18,14.94
286,12,14.94
215,12,14.94
436,15,14.94
297,18,14.94
586,12,14.94
60,10,13.98
31,13,13.98
449,5,13.98
211,10,13.98
448,7,13.98
412,13,13.98
417,5,13.98
517,7,13.98
319,4,13.98
501,8,13.98
7,18,13.98
403,7,13.98
293,13,13.98
315,5,13.98
504,13,13.98
244,10,13.97
177,15,13.97
305,10,13.97
130,15,13.97
549,5,13.97
489,8,13.97
285,9,13.97
249,5,13.97
296,5,13.97
209,5,13.97
532,10,13.97
283,8,13.97
348,10,13.97
183,8,13.97
274,5,13.97
190,8,13.97
7,5,13.97
160,10,13.97
81,15,13.97
89,8,13.97
298,8,13.97
500,8,13.97
73,12,13.97
460,18,13.97
416,9,13.97
339,7,13.97
396,7,13.97
503,5,13.97
20,8,13.97
80,18,13.97
305,8,13.97
413,15,13.97
568,12,13.97
153,18,13.97
571,7,13.97
515,18,13.97
116,8,13.97
71,8,13.97
577,8,13.97
534,9,13.97
148,8,13.97
391,4,13.97
461,13,13.97
356,13,13.97
239,8,13.97
442,5,13.97
228,8,13.96
279,8,13.96
276,15,13.96
419,10,13.96
271,12,13.96
215,8,13.96
277,18,13.96
173,8,13.96
510,12,13.96
357,9,13.96
69,18,13.96
341,15,13.96
575,5,13.96
169,18,13.96
90,15,13.96
67,15,13.96
242,15,13.96
535,18,13.96
197,18,13.96
305,12,13.96
275,18,13.96
67,8,13.96
289,18,13.96
430,7,13.96
161,18,13.96
282,8,13.96
326,10,13.96
225,10,13.96
260,15,13.96
572,10,13.96
577,12,13.96
249,12,13.96
261,15,13.96
233,8,13.96
130,12,13.96
405,18,13.95
195,12,13.95
395,15,13.95
377,15,13.95
408,15,13.95
151,8,13.95
316,12,13.95
527,15,13.95
12,15,13.94
557,15,13.94
570,15,13.94
378,8,12.98
472,18,12.98
321,13,12.98
201,5,12.98
146,5,12.98
349,13,12.98
520,14,12.98
71,4,12.98
435,5,12.98
575,9,12.98
206,13,12.98
98,15,12.98
55,15,12.98
532,9,12.98
559,9,12.98
544,7,12.98
8,10,12.98
496,10,12.98
126,13,12.98
211,13,12.98
9,8,12.98
195,10,12.98
330,7,12.98
313,8,12.98
284,9,12.98
449,12,12.98
65,8,12.98
580,10,12.98
20,9,12.98
194,5,12.98
141,8,12.98
541,5,12.98
123,15,12.98
72,10,12.98
244,7,12.98
67,5,12.98
50,9,12.98
248,5,12.98
569,7,12.98
108,10,12.98
192,10,12.98
320,8,12.98
416,10,12.98
41,8,12.98
217,9,12.98
312,5,12.97
338,18,12.97
88,12,12.97
590,12,12.97
255,7,12.97
190,15,12.97
187,7,12.97
466,15,12.97
522,8,12.97
112,13,12.97
84,5,12.97
587,8,12.97
307,12,12.97
363,8,12.97
424,8,12.97
526,5,12.97
325,8,12.97
22,15,12.97
473,8,12.97
543,15,12.97
429,12,12.97
228,18,12.97
447,10,12.97
569,15,12.97
403,9,12.97
404,8,12.97
486,5,12.97
447,8,12.97
550,15,12.97
395,8,12.97
96,7,12.97
346,10,12.97
95,15,12.97
173,13,12.97
355,18,12.97
599,18,12.97
258,18,12.97
553,18,12.97
482,13,12.97
111,10,12.97
330,18,12.97
5,8,12.97
341,7,12.97
583,9,12.97
499,7,12.97
553,12,12.97
344,18,12.97
27,7,12.97
81,8,12.97
579,8,12.97
386,7,12.97
538,8,12.97
463,8,12.97
572,8,12.97
105,13,12.97
471,8,12.97
570,7,12.97
179,5,12.97
46,15,12.97
375,5,12.97
56,18,12.96
472,8,12.96
426,8,12.96
551,5,12.96
527,18,12.96
45,8,12.96
387,8,12.96
381,8,12.96
89,12,12.96
189,15,12.96
594,8,12.96
197,9,12.96
476,18,12.96
361,8,12.96
343,12,12.96
589,15,12.96
568,8,12.96
393,8,12.96
74,8,12.96
30,8,12.96
477,12,12.96
503,13,12.96
185,12,12.96
313,18,12.96
505,12,12.96
457,18,12.96
559,8,12.96
584,15,12.96
557,18,12.96
493,8,12.96
38,8,12.96
425,12,12.96
159,12,12.96
281,18,12.96
599,12,12.96
33,15,12.96
153,8,12.96
248,15,12.95
224,18,12.95
141,15,12.95
271,15,12.95
240,15,12.95
160,18,12.95
36,15,12.95
502,10,12.95
459,15,12.95
416,7,12.95
192,15,12.95
31,18,12.95
559,18,12.94
278,12,12.93
142,12,12.93
204,13,11.99
195,13,11.99
127,13,11.98
330,5,11.98
199,10,11.98
276,8,11.98
272,8,11.98
485,7,11.98
339,8,11.98
498,5,11.98
485,9,11.98
222,4,11.98
93,5,11.98
304,7,11.98
201,15,11.98
593,5,11.98
432,13,11.98
156,5,11.98
37,15,11.98
500,7,11.98
322,7,11.98
585,13,11.98
343,7,11.98
520,8,11.98
280,13,11.98
436,4,11.98
285,7,11.98
368,4,11.98
580,13,11.98
438,9,11.98
399,5,11.98
82,4,11.98
472,7,11.98
217,5,11.98
108,13,11.98
262,18,11.98
54,8,11.98
351,12,11.98
490,5,11.98
565,8,11.98
491,10,11.98
506,13,11.98
106,9,11.98
142,10,11.98
241,5,11.98
164,8,11.98
217,8,11.98
172,5,11.97
100,7,11.97
149,12,11.97
535,5,11.97
490,18,11.97
408,13,11.97
398,12,11.97
233,12,11.97
556,12,11.97
160,13,11.97
276,13,11.97
34,8,11.97
386,9,11.97
94,7,11.97
8,12,11.97
266,15,11.97
102,10,11.97
353,15,11.97
521,18,11.97
204,5,11.97
306,10,11.97
44,8,11.97
520,13,11.97
76,12,11.97
308,18,11.97
174,15,11.97
346,8,11.97
217,15,11.97
562,5,11.97
144,9,11.97
581,8,11.97
437,8,11.97
66,18,11.97
333,8,11.97
119,9,11.97
58,15,11.97
372,8,11.97
261,5,11.97
21,15,11.97
216,7,11.97
162,12,11.97
189,8,11.97
206,8,11.97
212,18,11.97
313,15,11.97
473,5,11.97
42,8,11.97
268,7,11.97
177,7,11.96
568,18,11.96
330,12,11.96
418,10,11.96
25,12,11.96
40,15,11.96
568,15,11.96
438,8,11.96
533,8,11.96
115,12,11.96
597,15,11.96
558,18,11.96
15,10,11.96
556,15,11.95
377,12,11.95
335,12,11.95
241,8,11.95
391,12,11.95
64,12,11.95
557,12,11.95
138,15,11.95
361,15,11.95
425,18,11.94
460,9,10.99
304,4,10.99
76,13,10.99
468,10,10.99
148,10,10.99
104,4,10.99
567,13,10.99
33,7,10.99
433,5,10.99
529,9,10.99
371,10,10.99
78,10,10.99
12,9,10.99
565,9,10.99
127,9,10.99
399,10,10.98
302,4,10.98
365,4,10.98
306,13,10.98
83,13,10.98
505,18,10.98
361,5,10.98
158,4,10.98
352,15,10.98
301,4,10.98
231,10,10.98
246,18,10.98
413,8,10.98
461,8,10.98
400,4,10.98
18,7,10.98
338,7,10.98
510,5,10.98
418,13,10.98
368,7,10.98
371,4,10.98
547,5,10.98
395,18,10.98
571,10,10.98
563,5,10.98
57,13,10.98
332,5,10.98
274,8,10.98
476,12,10.98
26,7,10.98
287,7,10.98
88,8,10.98
189,12,10.98
443,15,10.98
236,10,10.98
378,7,10.98
370,13,10.98
437,5,10.98
321,5,10.98
208,9,10.98
306,5,10.98
391,5,10.98
203,8,10.98
134,7,10.98
130,13,10.98
8,8,10.98
557,8,10.98
593,10,10.98
400,8,10.98
247,5,10.98
484,8,10.98
263,8,10.98
556,18,10.98
495,9,10.98
204,7,10.98
56,10,10.98
316,5,10.98
429,8,10.98
439,5,10.98
594,7,10.98
187,13,10.98
154,10,10.98
337,8,10.98
469,7,10.98
291,12,10.98
433,13,10.98
515,7,10.98
191,8,10.97
123,7,10.97
317,8,10.97
150,5,10.97
237,8,10.97
351,13,10.97
326,8,10.97
166,8,10.97
73,10,10.97
382,15,10.97
481,8,10.97
62,15,10.97
432,12,10.97
278,8,10.97
141,9,10.97
544,15,10.97
142,15,10.97
253,5,10.97
112,8,10.97
9,5,10.97
320,7,10.97
172,13,10.97
584,10,10.97
586,15,10.97
577,13,10.97
428,7,10.97
53,15,10.97
422,18,10.97
561,10,10.97
270,18,10.97
188,18,10.97
188,8,10.97
540,8,10.97
79,5,10.97
230,8,10.97
566,8,10.97
124,12,10.97
46,5,10.97
112,15,10.97
561,7,10.97
389,10,10.97
408,8,10.97
589,5,10.97
577,9,10.97
160,8,10.97
346,9,10.97
72,5,10.97
506,7,10.97
186,7,10.97
140,18,10.97
448,8,10.97
274,4,10.97
167,13,10.97
536,15,10.96
517,12,10.96
187,8,10.96
10,8,10.96
34,18,10.96
466,18,10.96
378,18,10.96
215,18,10.96
246,8,10.96
85,12,10.96
562,18,10.96
311,12,10.96
422,15,10.96
401,15,10.96
468,13,10.96
16,5,10.96
208,8,10.96
592,12,10.95
53,8,10.95
48,7,9.99
171,5,9.99
543,10,9.99
57,4,9.99
489,10,9.99
526,13,9.99
424,13,9.99
142,5,9.99
288,10,9.99
571,4,9.99
189,9,9.99
212,8,9.99
70,10,9.99
436,8,9.99
318,4,9.99
126,10,9.99
101,5,9.99
45,17,9.99
103,5,9.99
585,10,9.99
200,4,9.99
209,13,9.99
589,7,9.98
369,4,9.98
215,5,9.98
360,10,9.98
90,9,9.98
435,10,9.98
209,7,9.98
14,9,9.98
110,5,9.98
316,7,9.98
99,12,9.98
279,13,9.98
3,8,9.98
500,5,9.98
153,13,9.98
566,9,9.98
114,4,9.98
513,8,9.98
75,9,9.98
3,15,9.98
269,8,9.98
278,10,9.98
12,5,9.98
517,9,9.98
392,7,9.98
249,8,9.98
146,7,9.98
538,9,9.98
556,5,9.98
493,13,9.98
150,15,9.98
99,9,9.98
167,7,9.98
536,13,9.98
269,10,9.98
305,13,9.98
446,12,9.98
439,10,9.98
237,15,9.98
431,18,9.98
155,7,9.98
46,7,9.98
512,13,9.98
334,7,9.98
348,8,9.98
541,8,9.98
60,20,9.98
106,8,9.98
594,12,9.98
242,8,9.98
561,5,9.98
250,4,9.98
35,10,9.98
533,9,9.98
267,7,9.98
157,10,9.98
163,13,9.98
18,10,9.98
2,15,9.98
447,13,9.98
24,5,9.98
152,5,9.98
215,7,9.98
535,9,9.98
379,18,9.98
334,10,9.98
400,13,9.98
98,7,9.98
445,13,9.98
19,15,9.98
126,5,9.98
142,4,9.98
210,13,9.98
165,13,9.98
170,8,9.98
498,7,9.98
138,9,9.98
559,13,9.98
305,18,9.98
162,5,9.98
322,13,9.98
43,13,9.98
504,5,9.98
478,15,9.98
444,9,9.98
507,8,9.98
239,7,9.98
263,9,9.98
209,8,9.98
331,8,9.98
495,5,9.98
5,10,9.98
425,13,9.98
378,10,9.98
267,5,9.98
258,8,9.98
51,5,9.98
405,9,9.98
581,5,9.98
557,5,9.98
361,13,9.98
363,7,9.98
508,10,9.98
408,4,9.98
488,7,9.98
254,8,9.97
196,7,9.97
60,13,9.97
539,7,9.97
563,13,9.97
46,13,9.97
15,8,9.97
134,18,9.97
513,10,9.97
17,15,9.97
123,13,9.97
385,9,9.97
249,7,9.97
344,7,9.97
470,7,9.97
483,12,9.97
182,8,9.97
227,8,9.97
334,13,9.97
133,8,9.97
81,18,9.97
161,9,9.97
412,5,9.97
5,5,9.97
231,18,9.97
280,8,9.97
300,5,9.97
564,9,9.97
60,5,9.97
220,10,9.97
1,8,9.97
207,10,9.97
230,7,9.97
374,8,9.97
313,5,9.96
4,7,9.96
215,13,9.96
450,18,9.96
378,15,9.96
498,8,9.96
391,8,9.96
7,8,9.96
561,15,9.96
85,15,9.96
551,15,9.96
491,12,9.96
501,18,9.96
159,5,9.96
514,8,9.95
383,18,9.95
383,5,8.99
368,9,8.99
508,17,8.99
286,7,8.99
181,17,8.99
393,17,8.99
451,9,8.99
180,10,8.99
232,8,8.99
67,10,8.99
85,10,8.99
592,10,8.99
509,5,8.99
169,14,8.99
260,5,8.99
66,13,8.99
508,9,8.99
597,5,8.99
444,4,8.99
23,4,8.99
474,7,8.99
299,7,8.99
128,13,8.99
594,9,8.99
586,5,8.99
433,4,8.99
547,8,8.99
375,4,8.99
110,7,8.99
334,5,8.99
409,8,8.99
347,7,8.99
271,5,8.99
359,4,8.99
502,17,8.99
482,4,8.99
579,17,8.99
200,10,8.99
537,13,8.99
379,7,8.99
500,4,8.99
123,9,8.99
260,10,8.99
10,9,8.99
510,4,8.99
197,13,8.99
33,8,8.99
222,7,8.99
467,7,8.99
102,8,8.99
122,7,8.98
169,5,8.98
42,10,8.98
375,7,8.98
365,7,8.98
548,5,8.98
429,4,8.98
66,10,8.98
323,5,8.98
592,8,8.98
223,13,8.98
582,8,8.98
575,10,8.98
201,13,8.98
253,7,8.98
514,13,8.98
327,7,8.98
412,9,8.98
512,9,8.98
295,7,8.98
514,18,8.98
377,13,8.98
432,7,8.98
500,10,8.98
225,5,8.98
577,10,8.98
555,10,8.98
128,8,8.98
271,9,8.98
141,10,8.98
504,8,8.98
357,8,8.98
130,9,8.98
234,15,8.98
59,5,8.98
383,13,8.98
514,15,8.98
465,13,8.98
230,10,8.98
399,8,8.98
340,7,8.98
119,8,8.98
138,8,8.98
379,8,8.98
11,8,8.98
174,7,8.98
266,18,8.98
390,7,8.98
415,9,8.98
570,12,8.98
551,8,8.98
369,5,8.98
517,18,8.98
414,4,8.98
456,9,8.98
128,5,8.98
342,13,8.98
389,8,8.98
232,15,8.98
60,15,8.98
38,13,8.98
527,10,8.98
366,10,8.98
247,9,8.98
245,12,8.98
139,8,8.98
120,7,8.98
429,7,8.98
20,5,8.98
54,5,8.98
148,7,8.98
277,10,8.98
304,8,8.98
331,10,8.98
399,18,8.98
214,9,8.98
58,4,8.98
127,10,8.98
329,9,8.98
264,7,8.98
585,7,8.98
282,4,8.98
203,15,8.98
370,15,8.98
179,9,8.98
379,13,8.98
330,8,8.97
19,8,8.97
250,5,8.97
75,20,8.97
97,8,8.97
177,9,8.97
256,5,8.97
416,13,8.97
364,18,8.97
315,12,8.97
320,15,8.97
79,12,8.97
596,9,8.97
395,13,8.97
218,15,8.97
275,8,8.97
64,5,8.97
549,15,8.97
19,5,8.97
365,8,8.97
340,15,8.97
52,8,8.97
94,18,8.97
503,18,8.97
134,15,8.97
228,12,8.97
154,8,8.97
327,15,8.97
503,8,8.97
48,12,8.97
468,8,8.97
90,8,8.97
205,7,8.97
530,15,8.97
222,12,8.97
284,5,8.97
380,13,8.97
476,8,8.97
418,8,8.97
487,15,8.97
582,13,8.97
62,7,8.97
319,18,8.97
301,8,8.97
9,18,8.97
308,9,8.97
517,8,8.97
362,7,8.97
109,18,8.96
350,8,8.96
375,9,8.96
177,18,8.96
248,12,8.96
114,13,8.96
96,8,8.96
151,15,8.96
24,18,8.96
333,15,8.96
232,12,8.95
582,10,7.99
567,9,7.99
560,10,7.99
103,4,7.99
590,7,7.99
382,13,7.99
313,10,7.99
373,10,7.99
263,13,7.99
224,7,7.99
251,9,7.99
240,9,7.99
497,9,7.99
466,7,7.99
149,9,7.99
493,10,7.99
56,13,7.99
421,14,7.99
407,5,7.99
296,14,7.99
427,17,7.99
466,13,7.99
125,10,7.99
26,13,7.99
268,10,7.99
119,7,7.99
480,14,7.99
187,4,7.99
144,13,7.99
166,9,7.99
474,8,7.99
194,18,7.99
307,10,7.99
598,13,7.99
76,10,7.99
175,9,7.99
98,13,7.99
457,5,7.99
405,10,7.99
296,13,7.99
493,5,7.99
476,14,7.99
289,9,7.99
497,5,7.99
204,10,7.99
570,5,7.99
316,9,7.99
141,7,7.99
25,4,7.99
510,9,7.99
454,5,7.99
131,5,7.99
170,13,7.99
499,13,7.99
578,9,7.99
90,13,7.99
572,5,7.99
199,5,7.99
120,4,7.99
37,14,7.99
578,10,7.99
225,8,7.99
490,9,7.99
551,4,7.99
27,9,7.99
550,5,7.99
179,7,7.99
383,7,7.99
474,5,7.99
479,5,7.99
502,7,7.99
490,10,7.99
386,5,7.99
208,12,7.98
565,5,7.98
150,8,7.98
169,8,7.98
308,13,7.98
574,8,7.98
384,4,7.98
189,13,7.98
438,5,7.98
484,7,7.98
28,13,7.98
287,9,7.98
402,8,7.98
49,5,7.98
430,18,7.98
392,8,7.98
28,7,7.98
354,20,7.98
59,13,7.98
321,18,7.98
92,10,7.98
375,18,7.98
51,9,7.98
62,13,7.98
161,10,7.98
17,5,7.98
191,5,7.98
94,8,7.98
224,8,7.98
298,10,7.98
576,7,7.98
356,8,7.98
105,8,7.98
442,9,7.98
226,8,7.98
238,7,7.98
140,8,7.98
155,20,7.98
532,13,7.98
421,10,7.98
53,20,7.98
472,9,7.98
476,5,7.98
492,12,7.98
203,7,7.98
174,8,7.98
593,9,7.98
241,13,7.98
76,7,7.98
150,18,7.98
149,13,7.98
173,5,7.98
484,13,7.98
400,5,7.98
214,10,7.98
591,8,7.98
234,9,7.98
587,10,7.98
528,8,7.98
376,9,7.98
240,5,7.98
303,5,7.98
151,9,7.98
212,13,7.98
291,5,7.98
229,13,7.98
108,7,7.98
534,15,7.98
18,4,7.98
421,8,7.98
347,13,7.98
30,13,7.98
588,5,7.98
202,7,7.98
148,13,7.98
163,20,7.98
115,9,7.98
538,5,7.98
117,9,7.98
471,7,7.98
79,8,7.98
167,5,7.98
140,7,7.98
56,9,7.98
587,9,7.98
8,13,7.98
534,7,7.98
357,7,7.98
87,5,7.98
131,4,7.98
127,7,7.98
251,13,7.98
297,13,7.98
36,10,7.98
502,13,7.98
311,8,7.98
54,7,7.98
540,7,7.98
567,8,7.98
491,7,7.98
512,8,7.98
385,5,7.98
391,10,7.98
456,18,7.98
540,18,7.98
578,8,7.98
253,9,7.98
444,10,7.98
267,20,7.98
50,7,7.98
86,13,7.98
284,8,7.98
310,7,7.98
87,13,7.98
415,8,7.98
334,9,7.98
190,5,7.98
410,9,7.98
99,8,7.98
101,9,7.98
574,7,7.97
597,8,7.97
26,10,7.97
84,8,7.97
431,15,7.97
274,10,7.97
91,8,7.97
222,5,7.97
234,7,7.97
238,15,7.97
174,12,7.97
369,9,7.97
439,13,7.97
534,8,7.97
397,9,7.97
135,9,7.97
452,5,7.97
318,18,7.97
83,18,7.97
395,12,7.97
463,15,7.96
461,15,7.96
452,8,7.96
358,18,7.96
162,8,7.96
471,18,7.96
77,10,7.96
288,18,7.96
363,9,6.99
286,4,6.99
275,9,6.99
100,8,6.99
88,10,6.99
143,10,6.99
146,13,6.99
483,10,6.99
28,9,6.99
232,9,6.99
178,10,6.99
409,4,6.99
245,13,6.99
11,7,6.99
366,5,6.99
543,4,6.99
181,5,6.99
483,5,6.99
327,5,6.99
427,4,6.99
536,10,6.99
140,9,6.99
152,9,6.99
512,7,6.99
270,13,6.99
463,17,6.99
528,13,6.99
422,10,6.99
498,10,6.99
474,13,6.99
133,4,6.99
253,10,6.99
461,5,6.99
523,7,6.99
279,10,6.99
426,7,6.99
306,8,6.99
341,13,6.99
298,9,6.99
56,7,6.99
477,7,6.99
562,10,6.99
522,13,6.99
550,7,6.99
148,9,6.99
578,7,6.99
373,7,6.99
156,9,6.99
11,5,6.99
154,9,6.99
313,13,6.99
425,8,6.99
553,14,6.99
312,13,6.99
354,9,6.99
369,14,6.99
309,4,6.99
193,15,6.99
520,5,6.99
74,5,6.99
431,10,6.99
596,13,6.99
58,10,6.99
341,10,6.99
30,9,6.99
244,9,6.99
115,8,6.99
296,17,6.99
63,9,6.99
546,5,6.99
111,7,6.99
222,8,6.99
536,5,6.99
595,5,6.99
422,9,6.99
315,13,6.99
493,9,6.99
548,4,6.99
119,5,6.99
246,4,6.99
38,9,6.99
267,4,6.99
8,5,6.99
556,9,6.99
388,7,6.99
107,17,6.99
334,4,6.99
385,13,6.99
584,8,6.99
586,14,6.99
35,5,6.99
11,10,6.99
393,7,6.99
133,13,6.99
273,13,6.99
370,7,6.99
189,10,6.99
353,5,6.99
277,4,6.99
317,4,6.99
458,8,6.98
7,4,6.98
170,5,6.98
165,12,6.98
206,10,6.98
369,12,6.98
174,13,6.98
31,7,6.98
480,10,6.98
329,10,6.98
353,18,6.98
241,9,6.98
178,9,6.98
5,7,6.98
470,10,6.98
243,7,6.98
365,15,6.98
249,10,6.98
589,13,6.98
136,18,6.98
359,5,6.98
69,5,6.98
6,13,6.98
70,15,6.98
411,5,6.98
203,9,6.98
29,10,6.98
89,5,6.98
38,10,6.98
259,9,6.98
119,13,6.98
510,7,6.98
25,13,6.98
45,18,6.98
91,13,6.98
184,5,6.98
331,13,6.98
200,7,6.98
242,4,6.98
354,17,6.98
533,7,6.98
244,5,6.98
236,7,6.98
456,13,6.98
122,10,6.98
177,10,6.98
134,8,6.98
47,10,6.98
18,9,6.98
557,13,6.98
4,8,6.98
582,15,6.98
272,15,6.98
59,7,6.98
37,7,6.98
161,8,6.98
416,5,6.98
471,9,6.98
401,5,6.98
359,7,6.98
314,7,6.98
434,7,6.98
418,9,6.98
524,7,6.98
6,10,6.98
560,7,6.98
489,15,6.98
256,18,6.98
119,4,6.98
165,8,6.98
488,9,6.98
369,10,6.98
287,5,6.97
138,10,6.97
394,9,6.97
214,5,6.97
26,18,6.97
392,15,6.97
56,8,6.97
546,7,6.97
76,15,6.97
309,9,6.97
49,9,6.97
44,5,6.97
6,18,6.97
74,13,6.97
598,12,6.97
462,13,6.97
116,7,6.97
345,7,6.97
383,10,6.97
227,12,6.97
191,7,6.97
413,10,6.97
84,7,6.97
413,18,6.97
58,8,6.97
444,7,6.97
595,13,6.97
98,10,6.97
571,12,6.97
320,12,6.97
423,15,6.96
68,7,5.99
75,13,5.99
505,7,5.99
438,13,5.99
522,5,5.99
62,10,5.99
351,7,5.99
533,5,5.99
161,13,5.99
41,10,5.99
577,4,5.99
339,5,5.99
294,13,5.99
300,13,5.99
399,4,5.99
504,4,5.99
517,13,5.99
8,14,5.99
29,9,5.99
427,10,5.99
344,10,5.99
388,13,5.99
281,7,5.99
474,9,5.99
513,13,5.99
93,10,5.99
525,5,5.99
135,10,5.99
462,7,5.99
321,7,5.99
118,5,5.99
364,9,5.99
3,9,5.99
373,9,5.99
266,7,5.99
436,5,5.99
501,13,5.99
39,7,5.99
91,4,5.99
281,8,5.99
259,8,5.99
566,4,5.99
25,9,5.99
420,10,5.99
397,7,5.99
54,9,5.99
541,9,5.99
534,10,5.99
173,9,5.99
180,9,5.99
92,4,5.99
285,8,5.99
346,12,5.99
311,4,5.99
464,18,5.99
313,9,5.99
189,5,5.99
443,14,5.99
107,5,5.99
481,5,5.99
135,4,5.99
538,7,5.99
170,9,5.99
112,9,5.99
509,10,5.99
144,7,5.99
193,13,5.99
288,7,5.99
194,10,5.99
566,7,5.99
491,13,5.99
396,5,5.99
325,4,5.99
343,13,5.99
121,9,5.99
164,12,5.99
314,4,5.99
223,7,5.99
225,12,5.99
152,18,5.99
254,5,5.99
546,8,5.99
548,18,5.99
167,8,5.99
52,13,5.99
42,5,5.99
12,7,5.99
126,14,5.99
364,5,5.99
518,9,5.99
201,9,5.99
404,5,5.99
564,4,5.99
174,4,5.99
183,9,5.99
149,17,5.99
425,5,5.99
247,18,5.99
518,7,5.99
332,10,5.99
475,10,5.99
238,9,5.99
234,18,5.99
17,13,5.99
107,4,5.99
109,4,5.99
124,10,5.99
546,10,5.99
205,8,5.99
204,9,5.99
397,14,5.99
9,10,5.99
398,15,5.99
441,17,5.99
546,4,5.99
534,4,5.99
243,8,5.99
434,5,5.99
409,7,5.99
252,7,5.99
248,18,5.99
358,10,5.99
80,10,5.99
151,5,5.99
344,5,5.99
247,8,5.99
466,10,5.98
190,7,5.98
71,13,5.98
516,20,5.98
158,7,5.98
357,5,5.98
58,9,5.98
256,4,5.98
368,5,5.98
579,13,5.98
239,10,5.98
575,13,5.98
278,9,5.98
431,13,5.98
235,7,5.98
417,18,5.98
450,7,5.98
576,20,5.98
536,8,5.98
444,18,5.98
381,5,5.98
560,20,5.98
257,10,5.98
16,9,5.98
516,5,5.98
214,4,5.98
355,12,5.98
322,10,5.98
545,13,5.98
257,8,5.98
42,20,5.98
34,9,5.98
360,5,5.98
543,9,5.98
263,4,5.98
36,9,5.98
144,5,5.98
359,8,5.98
500,13,5.98
228,5,5.98
451,5,5.98
212,9,5.98
252,5,5.98
460,5,5.98
362,8,5.98
552,8,5.98
322,4,5.98
464,13,5.98
480,15,5.98
575,7,5.98
9,9,5.98
199,12,5.98
97,12,5.98
484,5,5.98
280,15,5.98
139,7,5.98
203,13,5.98
431,9,5.98
237,4,5.98
208,20,5.98
245,4,5.98
5,9,5.98
284,20,5.98
85,9,5.98
13,10,5.98
457,7,5.98
125,9,5.98
438,7,5.98
472,5,5.98
214,8,5.98
257,4,5.98
424,10,5.98
402,12,5.98
508,5,5.98
26,5,5.98
44,4,5.98
325,9,5.98
21,9,5.98
131,13,5.98
333,17,5.98
281,5,5.98
393,5,5.98
294,10,5.98
492,13,5.98
282,12,5.98
236,5,5.98
93,8,5.98
382,5,5.98
28,5,5.98
118,8,5.98
348,13,5.98
245,8,5.98
168,5,5.98
157,5,5.98
506,10,5.98
75,4,5.98
291,8,5.98
169,13,5.98
489,18,5.98
353,10,5.98
544,5,5.98
460,4,5.98
277,7,5.98
496,5,5.98
25,10,5.98
180,8,5.98
31,12,5.98
27,10,5.98
49,4,5.98
122,5,5.98
252,8,5.98
247,10,5.98
511,9,5.98
75,10,5.98
151,13,5.98
372,5,5.98
62,5,5.98
445,5,5.98
475,5,5.98
554,5,5.98
586,18,5.98
294,8,5.98
62,18,5.98
216,20,5.98
149,7,5.98
511,7,5.98
121,15,5.98
569,13,5.98
100,10,5.98
439,7,5.98
145,8,5.98
143,4,5.98
496,18,5.98
86,7,5.98
338,10,5.98
242,10,5.98
444,13,5.98
28,8,5.97
371,8,5.97
353,13,5.97
8,18,5.97
543,12,5.97
93,13,5.97
394,18,5.97
100,12,5.97
420,8,5.97
256,15,5.96
445,15,5.96
252,15,5.96
118,15,5.96
147,18,5.96
149,5,4.99
366,9,4.99
513,5,4.99
244,20,4.99
333,10,4.99
367,9,4.99
398,5,4.99
539,4,4.99
477,9,4.99
116,10,4.99
202,10,4.99
307,13,4.99
321,4,4.99
178,20,4.99
345,8,4.99
573,7,4.99
242,14,4.99
248,9,4.99
316,4,4.99
66,5,4.99
535,8,4.99
211,20,4.99
90,10,4.99
107,9,4.99
223,10,4.99
242,5,4.99
33,10,4.99
108,20,4.99
296,7,4.99
454,7,4.99
278,13,4.99
250,9,4.99
286,13,4.99
54,4,4.99
264,13,4.99
52,7,4.99
92,5,4.99
452,20,4.99
526,7,4.99
194,13,4.99
76,9,4.99
458,13,4.99
359,10,4.99
59,4,4.99
48,5,4.99
328,15,4.99
192,20,4.99
103,7,4.99
446,5,4.99
300,20,4.99
381,13,4.99
228,9,4.99
542,9,4.99
83,8,4.99
335,9,4.99
188,13,4.99
214,7,4.99
356,10,4.99
544,13,4.99
256,9,4.99
508,7,4.99
440,13,4.99
290,17,4.99
220,13,4.99
530,9,4.99
359,20,4.99
373,4,4.99
574,9,4.99
449,4,4.99
216,5,4.99
164,7,4.99
352,8,4.99
77,7,4.99
503,17,4.99
153,10,4.99
441,7,4.99
514,5,4.99
216,13,4.99
250,8,4.99
190,20,4.99
59,10,4.99
430,5,4.99
402,13,4.99
423,13,4.99
272,7,4.99
199,7,4.99
596,4,4.99
305,7,4.99
407,9,4.99
438,4,4.99
389,7,4.99
484,4,4.99
165,9,4.99
375,8,4.99
282,13,4.99
375,13,4.99
594,4,4.99
94,20,4.99
262,5,4.99
494,5,4.99
54,18,4.99
537,5,4.99
181,13,4.99
441,5,4.99
449,7,4.99
595,8,4.99
208,4,4.99
179,13,4.99
116,5,4.99
518,13,4.99
155,10,4.99
143,13,4.99
82,10,4.99
40,4,4.99
87,9,4.99
211,4,4.99
466,9,4.99
597,20,4.99
479,9,4.99
538,10,4.99
291,9,4.99
557,20,4.99
420,5,4.99
108,4,4.99
287,10,4.99
112,7,4.99
424,9,4.99
219,20,4.99
191,12,4.99
350,4,4.99
383,9,4.99
198,13,4.99
591,9,4.99
542,4,4.99
467,4,4.99
168,7,4.99
520,9,4.99
278,5,4.99
413,4,4.99
456,4,4.99
323,4,4.99
443,10,4.99
94,5,4.99
2,13,4.99
451,13,4.99
41,9,4.99
517,5,4.99
443,5,4.99
350,5,4.99
43,7,4.99
448,13,4.99
326,7,4.99
305,9,4.99
176,13,4.99
11,9,4.99
379,4,4.99
523,4,4.99
175,8,4.99
473,13,4.99
376,10,4.99
348,14,4.99
441,8,4.99
356,5,4.99
43,5,4.99
45,7,4.99
65,4,4.99
524,5,4.99
300,10,4.99
186,15,4.99
14,10,4.99
440,5,4.99
350,18,4.99
64,9,4.99
358,5,4.99
543,7,4.99
394,7,4.99
137,9,4.99
482,9,4.99
232,4,4.99
227,4,4.99
464,7,4.99
152,8,4.99
553,5,4.99
596,10,4.99
546,13,4.99
223,8,4.99
60,8,4.99
327,10,4.99
489,13,4.99
280,5,4.99
583,10,4.99
193,7,4.99
247,13,4.99
309,13,4.99
411,20,4.99
345,10,4.99
95,5,4.99
83,20,4.99
379,5,4.99
311,7,4.99
6,4,4.99
91,20,4.99
298,13,4.99
105,9,4.99
417,4,4.99
418,17,4.99
87,20,4.99
478,13,4.99
398,10,4.99
114,14,4.99
489,4,4.99
412,10,4.99
60,7,4.99
239,4,4.99
390,4,4.99
174,5,4.99
433,9,4.99
537,20,4.99
9,20,4.99
597,13,4.99
419,13,4.99
234,5,4.99
15,13,4.99
303,10,4.99
335,8,4.99
132,13,4.99
41,13,4.99
118,7,4.99
323,8,4.99
388,5,4.99
581,13,4.99
405,13,4.99
505,20,4.99
441,20,4.99
230,5,4.99
22,20,4.99
295,10,4.99
120,20,4.99
270,7,4.99
388,4,4.99
266,9,4.99
1,9,4.99
480,13,4.99
126,4,4.99
536,7,4.99
402,7,4.99
285,13,4.99
68,13,4.99
542,5,4.99
404,17,4.99
238,4,4.99
507,7,4.99
489,17,4.99
535,7,4.99
590,9,4.99
273,10,4.99
392,9,4.99
342,9,4.99
586,4,4.99
346,5,4.99
507,5,4.99
261,4,4.99
10,7,4.99
254,9,4.99
509,4,4.99
179,8,4.99
389,5,4.99
385,17,4.99
279,20,4.99
394,20,4.99
159,10,4.99
298,7,4.99
575,8,4.99
306,17,4.99
346,4,4.99
202,13,4.99
373,17,4.99
444,14,4.99
111,9,4.99
345,13,4.99
64,20,4.99
428,9,4.99
505,13,4.99
502,9,4.99
349,5,4.99
366,20,4.99
366,17,4.99
64,10,4.99
270,5,4.99
314,5,4.99
571,13,4.99
114,20,4.99
312,4,4.99
14,7,4.99
568,7,4.99
362,5,4.99
227,13,4.99
421,7,4.99
405,5,4.99
73,5,4.99
243,4,4.99
233,9,4.99
286,8,4.99
296,4,4.99
73,8,4.99
563,7,4.99
99,10,4.99
121,4,4.99
70,8,4.99
401,4,4.99
428,5,4.99
554,13,4.99
532,7,4.99
32,10,4.99
436,13,4.99
531,4,4.99
450,13,4.99
120,9,4.99
56,20,4.99
252,20,4.99
333,4,4.99
14,20,4.99
88,13,4.99
387,10,4.99
163,7,4.99
136,13,4.99
453,13,4.99
509,8,4.99
472,20,4.99
152,20,4.99
309,7,4.99
291,4,4.99
171,9,4.99
216,9,4.99
240,17,4.99
497,20,4.99
91,7,4.99
36,13,4.99
486,10,4.99
131,9,4.99
220,9,4.99
180,20,4.99
479,10,4.99
51,4,4.99
181,10,4.99
311,9,4.99
519,9,4.99
70,5,4.99
413,5,4.99
536,14,4.99
221,4,4.99
448,4,4.99
440,20,4.99
43,4,4.99
102,4,4.99
145,9,4.99
10,5,4.99
589,9,4.99
72,8,4.99
370,9,4.99
292,10,4.99
249,4,4.99
585,20,4.99
87,7,4.99
69,8,4.99
565,7,4.99
57,5,4.99
210,10,4.99
297,9,4.99
162,7,4.99
399,13,4.99
521,20,4.99
410,13,4.99
501,9,4.99
247,4,4.99
18,5,4.99
2,5,4.99
89,9,4.99
390,5,4.99
151,4,4.99
182,10,4.99
415,5,4.99
199,9,4.99
405,7,4.99
52,20,4.99
587,4,4.99
50,13,4.99
148,5,4.99
49,8,4.99
501,10,4.99
566,5,4.99
54,13,4.99
569,4,4.99
588,9,4.99
599,5,4.99
165,5,4.99
432,8,4.99
339,10,4.99
227,20,4.99
96,13,4.99
387,4,4.99
526,10,4.99
514,7,4.99
331,14,4.99
490,14,4.99
44,20,4.99
358,9,4.99
73,9,4.99
199,13,4.98
219,8,4.98
1,10,4.98
113,13,4.98
21,5,4.98
527,9,4.98
172,9,4.98
106,5,4.98
207,9,4.98
120,10,4.98
585,12,4.98
475,9,4.98
251,4,4.98
458,18,4.98
586,13,4.98
585,8,4.98
281,12,4.98
196,5,4.98
139,13,4.98
463,9,4.98
267,13,4.98
264,8,4.98
95,7,4.98
121,7,4.98
146,18,4.98
3,5,4.98
220,5,4.98
503,10,4.98
465,15,4.98
562,13,4.98
393,13,4.98
423,7,4.98
201,10,4.98
504,9,4.98
248,8,4.98
527,8,4.97
374,5,4.97
516,8,4.97
111,18,4.97
201,18,4.97
420,18,4.97
110,18,4.97
132,18,4.97
411,8,4.97
77,15,4.97
6,8,4.97
212,7,4.97
104,8,4.97
502,5,4.97
115,5,4.97
143,18,4.96
76,8,4.96
269,7,3.99
539,10,3.99
270,14,3.99
308,5,3.99
343,5,3.99
522,7,3.99
450,5,3.99
469,17,3.99
227,5,3.99
127,8,3.99
133,7,3.99
330,10,3.99
288,4,3.99
382,14,3.99
421,17,3.99
417,8,3.99
7,10,3.99
571,5,3.99
450,10,3.99
37,8,3.99
273,4,3.99
21,4,3.99
545,5,3.99
323,10,3.99
489,7,3.99
511,5,3.99
53,9,3.99
117,10,3.99
339,9,3.99
343,4,3.99
82,13,3.99
464,4,3.99
437,10,3.99
297,7,3.99
584,7,3.99
312,8,3.99
265,10,3.99
579,10,3.99
182,5,3.99
381,7,3.99
295,9,3.99
297,5,3.99
380,10,3.99
167,9,3.99
232,5,3.99
476,7,3.99
70,13,3.99
506,4,3.99
490,7,3.99
570,10,3.99
479,4,3.99
50,10,3.99
34,14,3.99
382,9,3.99
434,10,3.99
519,5,3.99
291,13,3.99
275,13,3.99
324,5,3.99
125,4,3.99
377,9,3.99
518,10,3.99
275,7,3.99
356,9,3.99
494,10,3.99
462,5,3.99
465,9,3.99
260,7,3.99
37,10,3.99
200,17,3.99
303,13,3.99
135,5,3.99
295,5,3.99
527,13,3.99
515,10,3.99
6,7,3.99
26,9,3.99
89,10,3.99
105,7,3.99
596,18,3.99
394,4,3.99
107,13,3.99
244,8,3.99
540,13,3.99
487,8,3.99
355,5,3.99
59,8,3.99
583,7,3.99
201,4,3.99
363,5,3.99
265,9,3.99
259,10,3.99
98,9,3.99
544,10,3.99
532,8,3.99
485,10,3.99
446,10,3.99
290,8,3.99
380,5,3.99
362,9,3.99
379,10,3.99
44,7,3.99
192,8,3.99
314,13,3.99
104,7,3.99
227,10,3.99
349,14,3.99
274,13,3.99
56,4,3.99
182,7,3.99
590,5,3.99
576,9,3.99
104,5,3.99
140,10,3.99
580,9,3.99
109,10,3.99
298,5,3.99
35,4,3.99
102,13,3.99
207,8,3.99
98,4,3.99
198,10,3.99
53,4,3.99
525,13,3.99
23,5,3.98
43,20,3.98
482,5,3.98
384,5,3.98
93,18,3.98
441,10,3.98
323,7,3.98
355,7,3.98
116,9,3.98
455,7,3.98
455,8,3.98
112,5,3.98
576,5,3.98
304,5,3.98
10,10,3.98
250,18,3.98
228,20,3.98
176,9,3.98
307,9,3.98
254,7,3.98
312,10,3.98
387,18,3.98
175,20,3.98
481,10,3.98
550,10,3.98
184,8,3.98
403,5,3.98
573,10,3.98
50,8,3.98
4,10,3.98
586,7,3.98
472,4,3.98
138,13,3.98
361,20,3.98
349,7,3.98
456,7,3.98
386,8,3.98
482,8,3.98
447,5,3.98
276,9,3.98
592,9,3.98
367,5,3.98
123,8,3.98
400,9,3.98
269,20,3.98
197,4,3.98
561,13,3.98
235,5,3.98
351,8,3.98
160,9,3.98
544,8,3.98
252,9,3.98
257,13,3.98
505,10,3.98
83,5,3.98
568,10,3.98
561,12,3.98
15,20,3.98
564,15,3.98
474,10,3.98
342,10,3.98
371,13,3.98
499,9,3.98
216,8,3.98
491,5,3.98
6,5,3.98
448,20,3.98
449,8,3.98
568,9,3.98
279,5,3.98
199,8,3.98
115,7,3.98
327,18,3.98
457,20,3.98
185,4,3.98
73,13,3.98
283,7,3.98
494,9,3.98
51,10,3.98
95,8,3.98
428,8,3.98
48,4,3.98
138,5,3.98
548,8,3.98
255,15,3.97
232,13,2.99
474,18,2.99
407,7,2.99
529,5,2.99
461,9,2.99
135,13,2.99
165,10,2.99
556,13,2.99
527,7,2.99
89,4,2.99
485,5,2.99
505,4,2.99
329,7,2.99
23,10,2.99
119,10,2.99
168,13,2.99
2,8,2.99
42,13,2.99
385,7,2.99
496,8,2.99
315,20,2.99
8,9,2.99
66,7,2.99
505,5,2.99
154,13,2.99
182,14,2.99
404,9,2.99
534,20,2.99
408,10,2.99
257,5,2.99
465,18,2.99
126,8,2.99
566,10,2.99
506,9,2.99
44,10,2.99
463,10,2.99
595,9,2.99
561,9,2.99
582,20,2.99
296,20,2.99
202,9,2.99
256,7,2.99
530,8,2.99
20,13,2.99
173,7,2.99
305,4,2.99
89,13,2.99
123,5,2.99
42,9,2.99
80,20,2.99
299,9,2.99
262,7,2.99
134,13,2.99
419,9,2.99
98,17,2.99
276,10,2.99
531,5,2.99
192,13,2.99
549,8,2.99
525,10,2.99
103,17,2.99
246,9,2.99
181,7,2.99
188,20,2.99
394,5,2.99
223,5,2.99
214,13,2.99
200,9,2.99
590,20,2.99
79,9,2.99
21,20,2.99
521,9,2.99
45,4,2.99
217,7,2.99
357,4,2.99
490,13,2.99
560,17,2.99
496,20,2.99
290,10,2.99
386,10,2.99
164,10,2.99
509,13,2.99
41,20,2.99
37,9,2.99
477,13,2.99
162,15,2.99
328,10,2.99
525,20,2.99
269,9,2.99
443,8,2.99
324,20,2.99
391,9,2.99
349,20,2.99
417,20,2.99
45,9,2.99
351,9,2.99
193,9,2.99
531,8,2.99
598,8,2.99
423,9,2.99
408,5,2.99
128,9,2.99
28,20,2.99
287,13,2.99
459,14,2.99
121,13,2.99
448,5,2.99
102,7,2.99
467,13,2.99
282,10,2.99
366,13,2.99
412,8,2.99
530,20,2.99
422,20,2.99
324,8,2.99
357,10,2.99
213,9,2.99
24,7,2.99
196,10,2.99
130,4,2.99
213,20,2.99
24,10,2.99
571,9,2.99
111,20,2.99
398,7,2.99
451,18,2.99
489,5,2.99
225,9,2.99
142,14,2.99
581,10,2.99
8,7,2.99
352,5,2.99
410,20,2.99
68,10,2.99
326,12,2.99
271,8,2.99
211,9,2.99
117,8,2.99
352,20,2.99
290,4,2.99
258,7,2.99
167,4,2.99
493,20,2.99
214,20,2.99
210,7,2.99
302,7,2.99
482,10,2.99
348,9,2.99
313,7,2.99
452,17,2.99
498,12,2.99
405,4,2.99
315,7,2.99
38,7,2.99
188,10,2.99
28,10,2.99
410,7,2.99
88,7,2.99
459,4,2.99
135,8,2.99
3,13,2.99
404,7,2.99
193,20,2.99
310,10,2.99
176,10,2.99
271,10,2.99
150,9,2.99
331,5,2.99
156,10,2.99
228,17,2.99
518,5,2.99
462,4,2.99
140,13,2.99
236,4,2.99
565,13,2.99
331,7,2.99
185,17,2.99
33,9,2.99
78,13,2.99
27,5,2.99
177,8,2.99
183,10,2.99
470,4,2.99
73,20,2.99
431,5,2.99
411,10,2.99
428,10,2.99
511,4,2.99
498,4,2.99
24,9,2.99
333,7,2.99
439,4,2.99
464,8,2.99
465,10,2.99
125,7,2.99
55,7,2.99
358,7,2.99
217,10,2.99
266,5,2.99
465,7,2.99
488,13,2.99
525,9,2.99
245,20,2.99
499,4,2.99
64,8,2.99
595,7,2.99
385,10,2.99
463,7,2.99
564,5,2.99
20,4,2.99
555,15,2.99
564,7,2.99
460,13,2.99
33,4,2.99
545,10,2.99
525,7,2.99
199,20,2.99
155,5,2.99
210,5,2.99
467,10,2.99
166,7,2.99
398,9,2.99
319,7,2.99
279,7,2.99
374,20,2.99
117,7,2.99
337,10,2.99
291,7,2.99
487,13,2.99
138,14,2.99
275,5,2.99
23,20,2.99
37,5,2.99
431,7,2.99
238,5,2.99
597,4,2.99
533,20,2.99
374,9,2.99
513,7,2.99
587,7,2.99
532,4,2.99
355,13,2.99
264,9,2.99
193,4,2.99
573,5,2.99
17,4,2.99
240,4,2.99
261,7,2.99
109,13,2.99
272,9,2.99
419,8,2.99
93,4,2.99
186,20,2.99
117,18,2.99
582,7,2.99
537,7,2.99
112,10,2.99
319,5,2.99
328,5,2.99
62,9,2.99
130,5,2.99
267,9,2.99
246,13,2.99
568,20,2.99
509,7,2.99
69,7,2.99
6,9,2.99
150,10,2.99
141,5,2.99
245,7,2.99
60,14,2.99
184,4,2.99
22,8,2.99
269,13,2.99
111,5,2.99
32,14,2.99
191,9,2.99
330,20,2.99
270,10,2.99
97,9,2.99
114,5,2.99
524,8,2.99
502,4,2.99
477,5,2.99
327,20,2.99
133,5,2.99
61,10,2.99
272,10,2.99
69,13,2.99
336,13,2.99
338,9,2.99
318,12,2.99
528,10,2.99
348,7,2.99
399,9,2.99
595,10,2.99
365,9,2.99
364,7,2.99
238,8,2.99
328,7,2.99
254,4,2.99
447,9,2.99
316,13,2.99
450,9,2.99
527,20,2.99
466,5,2.99
560,4,2.99
255,8,2.99
552,13,2.99
219,10,2.99
218,7,2.99
181,20,2.99
481,7,2.99
139,10,2.99
263,10,2.99
1,4,2.99
142,8,2.99
136,8,2.99
317,9,2.99
471,5,2.99
264,20,2.99
368,13,2.99
494,7,2.99
495,13,2.99
209,14,2.99
357,13,2.99
487,17,2.99
256,10,2.99
419,4,2.99
208,10,2.99
344,4,2.99
353,7,2.99
137,5,2.99
336,7,2.99
130,7,2.99
372,13,2.99
107,7,2.99
136,5,2.99
141,13,2.99
180,5,2.99
188,7,2.99
200,20,2.99
73,4,2.99
458,10,2.99
545,8,2.99
413,13,2.99
435,17,2.99
227,7,2.99
47,13,2.99
437,4,2.99
575,4,2.99
496,13,2.99
373,8,2.99
283,13,2.99
117,13,2.99
492,18,2.99
586,10,2.99
430,4,2.99
492,4,2.99
94,4,2.99
377,10,2.99
431,20,2.99
40,9,2.99
300,8,2.99
109,7,2.99
48,9,2.99
518,17,2.99
462,9,2.99
170,4,2.99
88,4,2.99
550,20,2.99
25,5,2.99
423,10,2.99
115,20,2.99
445,9,2.98
186,5,2.98
446,13,2.98
233,13,2.98
427,8,2.98
354,4,2.98
384,18,2.98
76,5,2.98
501,5,2.98
269,4,2.98
533,4,2.98
273,8,2.98
541,13,2.98
559,10,2.98
102,5,2.98
529,7,2.98
51,7,2.98
530,7,2.98
113,9,2.98
172,8,2.98
135,7,2.98
350,13,2.98
525,12,2.98
103,8,2.97
395,7,2.97
595,12,2.97
245,10,2.97
192,5,1.99
164,5,1.99
274,9,1.99
402,5,1.99
543,13,1.99
556,10,1.99
406,9,1.99
55,10,1.99
246,7,1.99
111,14,1.99
20,10,1.99
463,5,1.99
460,10,1.99
162,4,1.99
374,7,1.99
523,9,1.99
166,13,1.99
131,10,1.99
464,10,1.99
439,9,1.99
294,5,1.99
380,9,1.99
480,9,1.99
397,8,1.99
224,13,1.99
4,13,1.99
295,14,1.99
454,13,1.99
426,9,1.99
359,13,1.99
241,10,1.99
261,9,1.99
270,4,1.99
499,8,1.99
207,13,1.99
85,7,1.99
555,8,1.99
237,13,1.99
455,13,1.99
366,7,1.99
548,7,1.99
464,5,1.99
471,13,1.99
266,4,1.99
492,7,1.99
61,13,1.99
29,4,1.99
21,17,1.99
415,10,1.99
543,5,1.99
503,4,1.99
166,5,1.99
142,13,1.99
596,8,1.99
142,7,1.99
122,9,1.99
293,10,1.99
596,7,1.99
351,5,1.99
124,8,1.99
86,4,1.99
275,10,1.99
368,10,1.99
117,5,1.98
189,7,1.98
127,5,1.98
516,13,1.98
385,8,1.98
421,5,1.98
461,10,1.98
52,9,1.98
202,8,1.98
113,5,1.98
468,5,1.98
337,9,1.98
297,10,1.98
207,4,1.98
18,12,1.98
497,13,1.98
262,9,1.98
480,7,1.98
412,15,1.98
387,7,1.98
401,13,1.98
502,8,1.98
132,12,1.98
218,8,1.98
36,5,1.98
82,7,1.98
296,8,1.98
332,9,1.98
381,9,1.98
107,20,1.98
430,8,1.98
37,13,1.98
147,5,1.98
446,4,1.98
237,7,1.98
478,7,0.99
36,8,0.99
72,9,0.99
191,20,0.99
561,20,0.99
100,20,0.99
443,9,0.99
424,20,0.99
533,13,0.99
474,20,0.99
397,5,0.99
115,10,0.99
170,10,0.99
101,20,0.99
65,5,0.99
547,4,0.99
219,5,0.99
455,5,0.99
355,9,0.99
548,20,0.99
580,5,0.99
175,10,0.99
421,20,0.99
276,7,0.99
470,9,0.99
414,13,0.99
450,20,0.99
557,7,0.99
145,5,0.99
383,4,0.99
157,8,0.99
444,5,0.99
175,7,0.99
417,9,0.99
583,12,0.99
378,5,0.99
213,7,0.99
58,5,0.99
133,9,0.99
29,20,0.99
438,20,0.99
37,4,0.99
354,13,0.99
34,10,0.99
574,5,0.99
386,13,0.99
348,5,0.99
357,12,0.99
376,5,0.99
61,5,0.99
530,5,0.99
356,7,0.99
524,4,0.99
476,20,0.99
521,7,0.99
529,8,0.99
100,4,0.99
338,5,0.99
565,14,0.99
477,10,0.99
558,10,0.99
532,20,0.99
548,9,0.99
303,4,0.99
343,9,0.99
361,9,0.99
534,5,0.99
162,20,0.99
273,5,0.99
272,4,0.99
323,13,0.99
292,5,0.99
7,7,0.99
498,9,0.99
594,14,0.99
204,4,0.99
495,20,0.99
549,4,0.99
232,7,0.99
265,4,0.99
63,7,0.99
592,20,0.99
171,13,0.99
83,4,0.99
552,4,0.99
205,13,0.99
455,9,0.99
539,5,0.99
315,10,0.99
298,14,0.99
278,7,0.99
236,20,0.99
381,4,0.99
159,8,0.99
168,9,0.99
452,13,0.99
267,10,0.99
360,7,0.99
416,4,0.99
162,10,0.99
551,10,0.99
297,4,0.99
304,9,0.99
400,7,0.99
515,9,0.99
216,10,0.99
580,7,0.99
16,10,0.99
578,5,0.99
370,17,0.99
328,13,0.99
425,9,0.99
221,7,0.99
459,13,0.99
578,13,0.99
208,7,0.99
426,10,0.99
598,10,0.99
521,8,0.99
596,20,0.99
184,13,0.99
183,5,0.99
426,5,0.99
326,9,0.99
230,4,0.99
449,14,0.99
327,9,0.99
73,7,0.99
108,5,0.99
118,13,0.99
120,5,0.99
321,8,0.99
376,7,0.99
291,10,0.99
81,9,0.99
159,7,0.99
407,8,0.99
545,4,0.99
301,10,0.99
132,10,0.99
473,7,0.99
428,12,0.99
182,4,0.99
538,17,0.99
341,9,0.99
149,10,0.99
469,4,0.99
392,10,0.99
549,9,0.99
420,12,0.99
193,5,0.99
508,20,0.99
74,9,0.99
42,17,0.99
582,4,0.99
58,20,0.99
299,14,0.99
411,13,0.99
186,13,0.99
21,10,0.99
467,9,0.99
124,13,0.99
443,13,0.99
185,10,0.99
351,10,0.99
523,5,0.99
528,4,0.99
220,7,0.99
91,10,0.99
109,9,0.99
52,5,0.99
186,10,0.99
213,5,0.99
61,9,0.99
420,13,0.99
417,13,0.99
451,7,0.99
210,8,0.99
99,20,0.99
142,20,0.99
198,9,0.99
95,9,0.99
536,4,0.99
274,20,0.99
240,13,0.99
345,5,0.99
300,7,0.99
320,10,0.99
19,13,0.99
436,10,0.99
302,9,0.99
48,8,0.99
52,10,0.99
406,5,0.99
465,5,0.99
405,20,0.99
530,10,0.99
577,5,0.99
579,20,0.99
585,9,0.99
556,4,0.99
340,10,0.99
520,7,0.99
129,7,0.99
295,20,0.99
435,7,0.99
553,13,0.99
528,9,0.99
12,13,0.99
324,7,0.99
592,17,0.99
42,7,0.99
310,4,0.99
179,10,0.99
412,20,0.99
99,5,0.99
312,7,0.99
391,7,0.99
1,5,0.99
106,10,0.99
460,7,0.99
251,20,0.99
591,7,0.99
334,8,0.99
14,13,0.99
5,20,0.99
424,5,0.99
234,20,0.99
518,8,0.99
348,4,0.99
355,20,0.99
541,10,0.99
331,4,0.99
435,8,0.99
570,20,0.99
563,8,0.99
135,20,0.99
558,9,0.99
584,13,0.99
367,8,0.99
451,4,0.99
557,10,0.99
354,7,0.99
88,9,0.99
512,20,0.99
196,13,0.99
239,9,0.99
194,7,0.99
83,10,0.99
282,5,0.99
476,13,0.99
345,4,0.99
412,4,0.99
185,5,0.99
387,9,0.99
336,20,0.99
434,17,0.99
587,5,0.99
64,7,0.99
215,20,0.99
263,20,0.99
355,10,0.99
334,20,0.99
84,9,0.99
309,5,0.99
284,7,0.99
245,17,0.99
231,8,0.99
2,9,0.99
343,10,0.99
535,13,0.99
168,20,0.99
323,9,0.99
254,10,0.99
535,4,0.99
11,20,0.99
282,20,0.99
35,7,0.99
176,4,0.99
447,7,0.99
171,7,0.99
544,9,0.99
422,5,0.99
366,8,0.99
402,10,0.99
376,8,0.99
172,7,0.99
369,20,0.99
388,20,0.99
584,17,0.99
396,9,0.99
60,9,0.99
479,20,0.99
455,4,0.99
254,13,0.99
335,20,0.99
415,13,0.99
507,4,0.99
229,20,0.99
354,5,0.99
203,4,0.99
138,7,0.99
369,7,0.99
38,17,0.99
337,20,0.99
373,20,0.99
81,4,0.99
306,7,0.99
301,5,0.99
573,9,0.99
33,20,0.99
322,14,0.99
94,13,0.99
69,20,0.99
437,9,0.99
576,13,0.99
163,9,0.99
218,13,0.99
546,9,0.99
14,4,0.99
483,9,0.99
469,10,0.99
287,20,0.99
587,20,0.99
115,13,0.99
66,9,0.99
317,20,0.99
20,7,0.99
238,13,0.99
198,8,0.99
183,7,0.99
192,9,0.99
